phone,name,city,department
573154910551,,San Gil,Santander
573123091008,,San Gil,Santander
573125776015,,San Gil,Santander
573150624399,,San Gil,Santander
573028304540,,San Gil,Santander
573206672979,,San Gil,Santander
573112219904,,San Gil,Santander
573178873005,,San Gil,Santander
573153759118,,San Gil,Santander
573174084422,,San Gil,Santander
573102080686,,San Gil,Santander
573177758805,,San Gil,Santander
573108828354,,San Gil,Santander
573204110570,,San Gil,Santander
573502659232,,San Gil,Santander
573014048362,,San Gil,Santander
573163444242,,San Gil,Santander
573118477265,,San Gil,Santander
573163302521,,San Gil,Santander
573123505893,,San Gil,Santander
573202316438,,San Gil,Santander
573184559595,,San Gil,Santander
573194114855,,San Gil,Santander
573142322090,,San Gil,Santander
573224046833,,San Gil,Santander
573227497688,,San Gil,Santander
573134349222,,San Gil,Santander
573144036591,,San Gil,Santander
573172835441,,San Gil,Santander
573103201793,,San Gil,Santander
573178401999,,San Gil,Santander
573146409913,,San Gil,Santander
573223930407,,San Gil,Santander
573103001639,,San Gil,Santander
573003781112,,San Gil,Santander
573195368501,,San Gil,Santander
573187942021,,San Gil,Santander
573173662455,,San Gil,Santander
573138746147,,San Gil,Santander
573165763900,,San Gil,Santander
573103011574,,San Gil,Santander
573173834910,,San Gil,Santander
573023198898,,San Gil,Santander
573174957354,,San Gil,Santander
573105752325,,San Gil,Santander
573155920904,,San Gil,Santander
573212133329,,San Gil,Santander
573242606360,,San Gil,Santander
573202314112,,San Gil,Santander
573007505165,,San Gil,Santander
573156367706,,San Gil,Santander
573152665985,,San Gil,Santander
573004968708,,San Gil,Santander
573013378073,,San Gil,Santander
573504192314,,San Gil,Santander
573174410223,,San Gil,Santander
573158947258,,San Gil,Santander
573007739386,,San Gil,Santander
573143839794,,San Gil,Santander
573203105370,,San Gil,Santander
573107536843,,San Gil,Santander
573008091229,,San Gil,Santander
573108516910,,San Gil,Santander
573138725102,,San Gil,Santander
573153093380,,San Gil,Santander
573142305703,,San Gil,Santander
573102504616,,San Gil,Santander
573156711864,,San Gil,Santander
573134780408,,San Gil,Santander
573115553884,,San Gil,Santander
573153042114,,San Gil,Santander
573176773074,,San Gil,Santander
573115383716,,San Gil,Santander
573016149472,,San Gil,Santander
573160552793,,San Gil,Santander
573174133731,,San Gil,Santander
573164430123,,San Gil,Santander
573186728362,,San Gil,Santander
573132072081,,San Gil,Santander
573166915233,,San Gil,Santander
573166939319,,San Gil,Santander
573004649933,,San Gil,Santander
573142588063,,San Gil,Santander
573138905345,,San Gil,Santander
573134199788,,San Gil,Santander
573102355699,,San Gil,Santander
573227636364,,San Gil,Santander
573124719734,,San Gil,Santander
573142140909,,San Gil,Santander
573138859563,,San Gil,Santander
573213916659,,San Gil,Santander
573246860871,,San Gil,Santander
573117090866,,San Gil,Santander
573103489457,,San Gil,Santander
573214447334,,San Gil,Santander
573143642050,,San Gil,Santander
573176422966,,San Gil,Santander
573142279362,,San Gil,Santander
573043926812,,San Gil,Santander
573001806405,,San Gil,Santander
573244891072,,San Gil,Santander
573163742922,,San Gil,Santander
573163510588,,San Gil,Santander
573112531203,,San Gil,Santander
573276573485,,San Gil,Santander
573112787723,,San Gil,Santander
573166004765,,San Gil,Santander
573043512783,,San Gil,Santander
573102904111,,San Gil,Santander
573154418245,,San Gil,Santander
573142915933,,San Gil,Santander
573213859950,,San Gil,Santander
573004013179,,San Gil,Santander
573124417104,,San Gil,Santander
573213843693,,San Gil,Santander
573118161202,,San Gil,Santander
573214033254,,San Gil,Santander
573212567296,,San Gil,Santander
573118048301,,San Gil,Santander
573234472055,,San Gil,Santander
573155662990,,San Gil,Santander
573204547475,,San Gil,Santander
573102270564,,San Gil,Santander
573103247665,,San Gil,Santander
573014615464,,San Gil,Santander
573183393359,,San Gil,Santander
573208015016,,San Gil,Santander
573114521517,,San Gil,Santander
573156258012,,San Gil,Santander
573112571788,,San Gil,Santander
573154718547,,San Gil,Santander
573182618887,,San Gil,Santander
573208552256,,San Gil,Santander
573116771972,,San Gil,Santander
573223189350,,San Gil,Santander
573202582037,,San Gil,Santander
573184065967,,San Gil,Santander
573166160995,,San Gil,Santander
573213165740,,San Gil,Santander
573219866832,,San Gil,Santander
573222369111,,San Gil,Santander
573165114086,,San Gil,Santander
573233241320,,San Gil,Santander
573174322498,,San Gil,Santander
573188952766,,San Gil,Santander
573005317111,,San Gil,Santander
573168953064,,San Gil,Santander
573243443951,,San Gil,Santander
573133568343,,San Gil,Santander
573189879619,,San Gil,Santander
573158719673,,San Gil,Santander
573174354322,,San Gil,Santander
573213402749,,San Gil,Santander
573143279392,,San Gil,Santander
573164444640,,San Gil,Santander
573132091584,,San Gil,Santander
573008736352,,San Gil,Santander
573005696600,,San Gil,Santander
573016628720,,San Gil,Santander
573102392454,,San Gil,Santander
573153195787,,San Gil,Santander
573018288149,,San Gil,Santander
573108898428,,San Gil,Santander
573227070140,,San Gil,Santander
573124113494,,San Gil,Santander
573208954931,,San Gil,Santander
573177799546,,San Gil,Santander
573004710134,,San Gil,Santander
573134913461,,San Gil,Santander
573209911762,,San Gil,Santander
573214453653,,San Gil,Santander
573164986710,,San Gil,Santander
573143270133,,San Gil,Santander
573214585787,,San Gil,Santander
573185273533,,San Gil,Santander
573204091104,,San Gil,Santander
573167872202,,San Gil,Santander
573167586651,,San Gil,Santander
573194858160,,San Gil,Santander
573175021763,,San Gil,Santander
573124826366,,San Gil,Santander
573162345163,,San Gil,Santander
573162261662,,San Gil,Santander
573173785256,,San Gil,Santander
573164919171,,San Gil,Santander
573108028890,,San Gil,Santander
573166020020,,San Gil,Santander
573227738383,,San Gil,Santander
573224721268,,San Gil,Santander
573016961044,,San Gil,Santander
573106738987,,San Gil,Santander
573206419953,,San Gil,Santander
573002423645,,San Gil,Santander
573132293315,,San Gil,Santander
573134673665,,San Gil,Santander
573123779006,,San Gil,Santander
573152440349,,San Gil,Santander
573175049394,,San Gil,Santander
573172400304,,San Gil,Santander
573025097142,,San Gil,Santander
573008136155,,San Gil,Santander
573002713356,,San Gil,Santander
573133496823,,San Gil,Santander
573125801925,,San Gil,Santander
573133087987,,San Gil,Santander
573202655972,,San Gil,Santander
573102923984,,San Gil,Santander
573212118009,,San Gil,Santander
573212324967,,San Gil,Santander
573108539990,,San Gil,Santander
573212270540,,San Gil,Santander
573003802624,,San Gil,Santander
573143644145,,San Gil,Santander
573103077969,,San Gil,Santander
573138910346,,San Gil,Santander
573187069309,,San Gil,Santander
573174413331,,San Gil,Santander
573138092714,,San Gil,Santander
573115782817,,San Gil,Santander
573203067472,,San Gil,Santander
573204495506,,San Gil,Santander
573105058079,,San Gil,Santander
573124290252,,San Gil,Santander
573506255265,,San Gil,Santander
573158580838,,San Gil,Santander
573203678057,,San Gil,Santander
573157494480,,San Gil,Santander
573147278572,,San Gil,Santander
573018314528,,San Gil,Santander
573247575697,,San Gil,Santander
573012763797,,San Gil,Santander
573144716930,,San Gil,Santander
573209464257,,San Gil,Santander
573209465446,,San Gil,Santander
573208323327,,San Gil,Santander
573176769482,,San Gil,Santander
573163251387,,San Gil,Santander
573156791517,,San Gil,Santander
573143343231,,San Gil,Santander
573143127008,,San Gil,Santander
573105714218,,San Gil,Santander
573164654850,,San Gil,Santander
573132884339,,San Gil,Santander
573106951669,,San Gil,Santander
573123207913,,San Gil,Santander
573135641422,,San Gil,Santander
573112188981,,San Gil,Santander
573114520917,,San Gil,Santander
573208358794,,San Gil,Santander
573163163989,,San Gil,Santander
573004608195,,San Gil,Santander
573182030271,,San Gil,Santander
573143262443,,San Gil,Santander
573167555457,,San Gil,Santander
573172970408,,San Gil,Santander
573132394247,,San Gil,Santander
573002229636,,San Gil,Santander
573150477306,,San Gil,Santander
573164786009,,San Gil,Santander
573242813302,,San Gil,Santander
573114669653,,San Gil,Santander
573124384493,,San Gil,Santander
573229743575,,San Gil,Santander
573123643931,,San Gil,Santander
573112514663,,San Gil,Santander
573116620457,,San Gil,Santander
573206675098,,San Gil,Santander
573103395002,,San Gil,Santander
573115828459,,San Gil,Santander
573124283013,,San Gil,Santander
573106941658,,San Gil,Santander
573015021602,,San Gil,Santander
573203102160,,San Gil,Santander
573143227329,,San Gil,Santander
573182686809,,San Gil,Santander
573124123229,,San Gil,Santander
573135546360,,San Gil,Santander
573102249772,,San Gil,Santander
573013159464,,San Gil,Santander
573127897844,,San Gil,Santander
573102616379,,San Gil,Santander
573182709579,,San Gil,Santander
573172418767,,San Gil,Santander
573218107241,,San Gil,Santander
573005662641,,San Gil,Santander
573133653454,,San Gil,Santander
573502517511,,San Gil,Santander
573106874392,,San Gil,Santander
573144641562,,San Gil,Santander
573214688598,,San Gil,Santander
573108828242,,San Gil,Santander
573168709970,,San Gil,Santander
573022764574,,San Gil,Santander
573112278641,,San Gil,Santander
573132827352,,San Gil,Santander
573162390743,,San Gil,Santander
573208037926,,San Gil,Santander
573142739452,,San Gil,Santander
573118378734,,San Gil,Santander
573117645050,,San Gil,Santander
573167620355,,San Gil,Santander
573187338057,,San Gil,Santander
573187376653,,San Gil,Santander
573174323879,,San Gil,Santander
573142806673,,San Gil,Santander
573173781233,,San Gil,Santander
573046050462,,San Gil,Santander
573041279930,,San Gil,Santander
573222288886,,San Gil,Santander
573108809157,,San Gil,Santander
573167575884,,San Gil,Santander
573184473392,,San Gil,Santander
573168476755,,San Gil,Santander
573207334971,,San Gil,Santander
573142345521,,San Gil,Santander
573212864569,,San Gil,Santander
573142109245,,San Gil,Santander
573126701880,,San Gil,Santander
573138437690,,San Gil,Santander
573003265323,,San Gil,Santander
573203798198,,San Gil,Santander
573002643764,,San Gil,Santander
573106954165,,San Gil,Santander
573208181852,,San Gil,Santander
573913937306,,San Gil,Santander
573013037306,,San Gil,Santander
573168664638,,San Gil,Santander
573123773491,,San Gil,Santander
573002476411,,San Gil,Santander
573167471489,,San Gil,Santander
573132621217,,San Gil,Santander
573194061714,,San Gil,Santander
573046695345,,San Gil,Santander
573204775270,,San Gil,Santander
573124222118,,San Gil,Santander
573016442016,,San Gil,Santander
573185127355,,San Gil,Santander
573187222859,,San Gil,Santander
573134077829,,San Gil,Santander
573133462586,,San Gil,Santander
573002052865,,San Gil,Santander
573160401141,,San Gil,Santander
573132031502,,San Gil,Santander
573022538695,,San Gil,Santander
573183919228,,San Gil,Santander
573168559938,,San Gil,Santander
573164161260,,San Gil,Santander
573215009416,,San Gil,Santander
573188157078,,San Gil,Santander
573228229242,,San Gil,Santander
573124211150,,San Gil,Santander
573143163516,,San Gil,Santander
573227007317,,San Gil,Santander
573187834718,,San Gil,Santander
573142532723,,San Gil,Santander
573219108763,,San Gil,Santander
573142479312,,San Gil,Santander
573157203489,,San Gil,Santander
573144710724,,San Gil,Santander
573204963465,,San Gil,Santander
573016238919,,San Gil,Santander
573004365030,,San Gil,Santander
573158228037,,San Gil,Santander
573005538305,,San Gil,Santander
573229472252,,San Gil,Santander
573153752555,,San Gil,Santander
573142591152,,San Gil,Santander
573178483739,,San Gil,Santander
573183421943,,San Gil,Santander
573212167529,,San Gil,Santander
573245676060,,San Gil,Santander
573102837168,,San Gil,Santander
573203949529,,San Gil,Santander
573103499040,,San Gil,Santander
573143461821,,San Gil,Santander
573112457296,,San Gil,Santander
573102228902,,San Gil,Santander
573153197482,,San Gil,Santander
573153352508,,San Gil,Santander
573188198826,,San Gil,Santander
573022572148,,San Gil,Santander
573132019816,,San Gil,Santander
573166056028,,San Gil,Santander
573188712041,,San Gil,Santander
573222104619,,San Gil,Santander
573246869335,,San Gil,Santander
573112851848,,San Gil,Santander
573125157799,,San Gil,Santander
573102823166,,San Gil,Santander
573188792199,,San Gil,Santander
573232437287,,San Gil,Santander
573142613056,,San Gil,Santander
573112320333,,San Gil,Santander
573134425864,,San Gil,Santander
573123181756,,San Gil,Santander
573232836250,,San Gil,Santander
573202614711,,San Gil,Santander
573224775694,,San Gil,Santander
573134605076,,San Gil,Santander
573164093318,,San Gil,Santander
573125951477,,San Gil,Santander
573003488807,,San Gil,Santander
573175099277,,San Gil,Santander
573209922762,,San Gil,Santander
573208558955,,San Gil,Santander
573155804208,,San Gil,Santander
573152899072,,San Gil,Santander
573189981718,,San Gil,Santander
573212424600,,San Gil,Santander
573112436787,,San Gil,Santander
573108769993,,San Gil,Santander
573228968581,,San Gil,Santander
573212418319,,San Gil,Santander
573143845189,,San Gil,Santander
573178069696,,San Gil,Santander
573173004302,,San Gil,Santander
573208121904,,San Gil,Santander
573142235584,,San Gil,Santander
573173015877,,San Gil,Santander
573204988798,,San Gil,Santander
573158082803,,San Gil,Santander
573152661399,,San Gil,Santander
573153990108,,San Gil,Santander
573143171437,,San Gil,Santander
573205570280,,San Gil,Santander
573224525605,,San Gil,Santander
573134969444,,San Gil,Santander
573203014232,,San Gil,Santander
573153256834,,San Gil,Santander
573115779131,,San Gil,Santander
573186055152,,San Gil,Santander
573176654664,,San Gil,Santander
573176429878,,San Gil,Santander
573102214274,,San Gil,Santander
573142389057,,San Gil,Santander
573204216490,,San Gil,Santander
573164988039,,San Gil,Santander
573107843893,,San Gil,Santander
573177699499,,San Gil,Santander
573153928309,,San Gil,Santander
573125312672,,San Gil,Santander
573105655842,,San Gil,Santander
573177291919,,San Gil,Santander
573222471403,,San Gil,Santander
573168726637,,San Gil,Santander
573209708756,,San Gil,Santander
573112331643,,San Gil,Santander
573176430077,,San Gil,Santander
573174482717,,San Gil,Santander
573145395172,,San Gil,Santander
573138907396,,San Gil,Santander
573163371497,,San Gil,Santander
573187126068,,San Gil,Santander
573142028246,,San Gil,Santander
573022467905,,San Gil,Santander
573208355253,,San Gil,Santander
573166434529,,San Gil,Santander
573045922709,,San Gil,Santander
573115983509,,San Gil,Santander
573183397297,,San Gil,Santander
573006027481,,San Gil,Santander
573132557390,,San Gil,Santander
573138994879,,San Gil,Santander
573183490870,,San Gil,Santander
573005643155,,San Gil,Santander
573158109116,,San Gil,Santander
573167140870,,San Gil,Santander
573123669478,,San Gil,Santander
573052783713,,San Gil,Santander
573208478823,,San Gil,Santander
573183005771,,San Gil,Santander
573213364741,,San Gil,Santander
573159626384,,San Gil,Santander
573157462139,,San Gil,Santander
573185831862,,San Gil,Santander
573159264927,,San Gil,Santander
573008866528,,San Gil,Santander
573103235458,,San Gil,Santander
573209094746,,San Gil,Santander
573233235298,,San Gil,Santander
573115397996,,San Gil,Santander
573132098170,,San Gil,Santander
573169448518,,San Gil,Santander
573138792064,,San Gil,Santander
573173231937,,San Gil,Santander
573208401267,,San Gil,Santander
573112129230,,San Gil,Santander
573219897500,,San Gil,Santander
573173752273,,San Gil,Santander
573115517899,,San Gil,Santander
573005522830,,San Gil,Santander
573183859389,,San Gil,Santander
573013033905,,San Gil,Santander
573102190914,,San Gil,Santander
573021058966,,San Gil,Santander
573132488285,,San Gil,Santander
573118267354,,San Gil,Santander
573124432993,,San Gil,Santander
573023019456,,San Gil,Santander
573023801465,,San Gil,Santander
573045971245,,San Gil,Santander
573013186038,,San Gil,Santander
573014988617,,San Gil,Santander
573138900810,,San Gil,Santander
573102845630,,San Gil,Santander
573165395864,,San Gil,Santander
573157617462,,San Gil,Santander
573006588595,,San Gil,Santander
573185991166,,San Gil,Santander
573133940680,,San Gil,Santander
573117308913,,San Gil,Santander
573132028924,,San Gil,Santander
573153725537,,San Gil,Santander
573124364842,,San Gil,Santander
573169319489,,San Gil,Santander
573187986856,,San Gil,Santander
573195392206,,San Gil,Santander
573212744060,,San Gil,Santander
573204246116,,San Gil,Santander
573223003830,,San Gil,Santander
573144099265,,San Gil,Santander
573015684998,,San Gil,Santander
573134768465,,San Gil,Santander
573222003896,,San Gil,Santander
573142802483,,San Gil,Santander
573212465516,,San Gil,Santander
573165349597,,San Gil,Santander
573158644183,,San Gil,Santander
573165233311,,San Gil,Santander
573177912623,,San Gil,Santander
573114436090,,San Gil,Santander
573118083556,,San Gil,Santander
573138870563,,San Gil,Santander
573237918570,,San Gil,Santander
573213950842,,San Gil,Santander
573102452952,,San Gil,Santander
573115635562,,San Gil,Santander
573016245051,,San Gil,Santander
573017231020,,San Gil,Santander
573173486644,,San Gil,Santander
573115008270,,San Gil,Santander
573157004607,,San Gil,Santander
573102766154,,San Gil,Santander
573212597089,,San Gil,Santander
573157004555,,San Gil,Santander
573123662407,,San Gil,Santander
573178948184,,San Gil,Santander
573102342659,,San Gil,Santander
573142765949,,San Gil,Santander
573177888264,,San Gil,Santander
573208039638,,San Gil,Santander
573219211067,,San Gil,Santander
573118162786,,San Gil,Santander
573158018737,,San Gil,Santander
573103498880,,San Gil,Santander
573176814632,,San Gil,Santander
573138573752,,San Gil,Santander
573156500549,,San Gil,Santander
573118235773,,San Gil,Santander
573234690737,,San Gil,Santander
573178909634,,San Gil,Santander
573153942187,,San Gil,Santander
573157004547,,San Gil,Santander
573103120657,,San Gil,Santander
573108857580,,San Gil,Santander
573104449294,,San Gil,Santander
573185021277,,San Gil,Santander
573222560132,,San Gil,Santander
573164374990,,San Gil,Santander
573173735009,,San Gil,Santander
573205716977,,San Gil,Santander
573207972332,,San Gil,Santander
573158114557,,San Gil,Santander
573108085706,,San Gil,Santander
573138712152,,San Gil,Santander
573022378417,,San Gil,Santander
573168583192,,San Gil,Santander
573112057894,,San Gil,Santander
573134846535,,San Gil,Santander
573138804968,,San Gil,Santander
573203488225,,San Gil,Santander
573204062310,,San Gil,Santander
573102338685,,San Gil,Santander
573144721568,,San Gil,Santander
573173792458,,San Gil,Santander
573224281401,,San Gil,Santander
573004740996,,San Gil,Santander
573108179048,,San Gil,Santander
573204847960,,San Gil,Santander
573107940609,,San Gil,Santander
573102667460,,San Gil,Santander
573004240546,,San Gil,Santander
573102639525,,San Gil,Santander
573125201787,,San Gil,Santander
573105559092,,San Gil,Santander
573154207198,,San Gil,Santander
573153803690,,San Gil,Santander
573229706495,,San Gil,Santander
573143588938,,San Gil,Santander
573208790808,,San Gil,Santander
573209398797,,San Gil,Santander
573243904388,,San Gil,Santander
573153081408,,San Gil,Santander
573106253467,,San Gil,Santander
573165415941,,San Gil,Santander
573007183980,,San Gil,Santander
573164618656,,San Gil,Santander
573180944623,,San Gil,Santander
573124345620,,San Gil,Santander
573042798741,,San Gil,Santander
573242073164,,San Gil,Santander
573208360510,,San Gil,Santander
573132511717,,San Gil,Santander
573161542179,,San Gil,Santander
573172951186,,San Gil,Santander
573183976106,,San Gil,Santander
573112645807,,San Gil,Santander
573150629864,,San Gil,Santander
573138722332,,San Gil,Santander
573158756409,,San Gil,Santander
573155564723,,San Gil,Santander
573132136651,,San Gil,Santander
573143961226,,San Gil,Santander
573144625151,,San Gil,Santander
573153670082,,San Gil,Santander
573102866468,,San Gil,Santander
573133623175,,San Gil,Santander
573242575865,,San Gil,Santander
573185627511,,San Gil,Santander
573172144610,,San Gil,Santander
573132878979,,San Gil,Santander
573175366979,,San Gil,Santander
573112424966,,San Gil,Santander
573125836667,,San Gil,Santander
573103730886,,San Gil,Santander
573107670161,,San Gil,Santander
573122725228,,San Gil,Santander
573145914679,,San Gil,Santander
573115988055,,San Gil,Santander
573102649477,,San Gil,Santander
573046394011,,San Gil,Santander
573209021372,,San Gil,Santander
573044515675,,San Gil,Santander
573208318449,,San Gil,Santander
573132656426,,San Gil,Santander
573126739134,,San Gil,Santander
573160436366,,San Gil,Santander
573112291519,,San Gil,Santander
573104522873,,San Gil,Santander
573052483395,,San Gil,Santander
573508065964,,San Gil,Santander
573005693536,,San Gil,Santander
573132682427,,San Gil,Santander
573195314449,,San Gil,Santander
573016658742,,San Gil,Santander
573002074513,,San Gil,Santander
573134708770,,San Gil,Santander
573017318959,,San Gil,Santander
573015628734,,San Gil,Santander
573225842326,,San Gil,Santander
573163980940,,San Gil,Santander
573168214156,,San Gil,Santander
573212391547,,San Gil,Santander
573007921453,,San Gil,Santander
573022938871,,San Gil,Santander
573176825315,,San Gil,Santander
573107601870,,San Gil,Santander
573188737637,,San Gil,Santander
573167575939,,San Gil,Santander
573015050947,,San Gil,Santander
573173931698,,San Gil,Santander
573187091292,,San Gil,Santander
573153332406,,San Gil,Santander
573158525815,,San Gil,Santander
573138403672,,San Gil,Santander
573227483748,,San Gil,Santander
573157520717,,San Gil,Santander
573132123472,,San Gil,Santander
573118483248,,San Gil,Santander
573123400431,,San Gil,Santander
573153894254,,San Gil,Santander
573138390172,,San Gil,Santander
573233543879,,San Gil,Santander
573164622533,,San Gil,Santander
573204526720,,San Gil,Santander
573186024764,,San Gil,Santander
573013330505,,San Gil,Santander
573193951612,,San Gil,Santander
573102463310,,San Gil,Santander
573132827511,,San Gil,Santander
573124573190,,San Gil,Santander
573152999790,,San Gil,Santander
573186671984,,San Gil,Santander
573138116995,,San Gil,Santander
573162419976,,San Gil,Santander
573005203382,,San Gil,Santander
573128614587,,San Gil,Santander
573202342659,,San Gil,Santander
573025871877,,San Gil,Santander
573223207376,,San Gil,Santander
573156400706,,San Gil,Santander
573105507482,,San Gil,Santander
573184987059,,San Gil,Santander
573207847205,,San Gil,Santander
573186323650,,San Gil,Santander
573102178580,,San Gil,Santander
573155666280,,San Gil,Santander
573103126405,,San Gil,Santander
573502813402,,San Gil,Santander
573132612703,,San Gil,Santander
573168713890,,San Gil,Santander
573182705115,,San Gil,Santander
573134994307,,San Gil,Santander
573105552810,,San Gil,Santander
573025468727,,San Gil,Santander
573138688836,,San Gil,Santander
573155624896,,San Gil,Santander
573236116512,,San Gil,Santander
573105718515,,San Gil,Santander
573203836964,,San Gil,Santander
573105525664,,San Gil,Santander
573163075123,,San Gil,Santander
573016695275,,San Gil,Santander
573173253325,,San Gil,Santander
573187654643,,San Gil,Santander
573143270134,,San Gil,Santander
573006495255,,San Gil,Santander
573171247128,,San Gil,Santander
573002099134,,San Gil,Santander
573205079890,,San Gil,Santander
573102653382,,San Gil,Santander
573143503099,,San Gil,Santander
573144008642,,San Gil,Santander
573002599354,,San Gil,Santander
573223104659,,San Gil,Santander
573174966772,,San Gil,Santander
573163187839,,San Gil,Santander
573184293481,,San Gil,Santander
573163306385,,San Gil,Santander
573133132610,,San Gil,Santander
573205788455,,San Gil,Santander
573153979580,,San Gil,Santander
573186750604,,San Gil,Santander
573213845531,,San Gil,Santander
573214710155,,San Gil,Santander
573232531771,,San Gil,Santander
573168475652,,San Gil,Santander
573115355607,,San Gil,Santander
573114580166,,San Gil,Santander
573209656612,,San Gil,Santander
573186603449,,San Gil,Santander
573242988675,,San Gil,Santander
573153552687,,San Gil,Santander
573153563930,,San Gil,Santander
573186874518,,San Gil,Santander
573114733362,,San Gil,Santander
573134290333,,San Gil,Santander
573505243919,,San Gil,Santander
573143793139,,San Gil,Santander
573166520979,,San Gil,Santander
573043605725,,San Gil,Santander
573209744102,,San Gil,Santander
573153591832,,San Gil,Santander
573114698893,,San Gil,Santander
573213227934,,San Gil,Santander
573138169256,,San Gil,Santander
573103426709,,San Gil,Santander
573166740039,,San Gil,Santander
573152073413,,San Gil,Santander
573213732357,,San Gil,Santander
573135496298,,San Gil,Santander
573154856793,,San Gil,Santander
573012094480,,San Gil,Santander
573138446228,,San Gil,Santander
573134318001,,San Gil,Santander
573132093939,,San Gil,Santander
573185727829,,San Gil,Santander
573145968442,,San Gil,Santander
573134939323,,San Gil,Santander
573187069337,,San Gil,Santander
573158759033,,San Gil,Santander
573143029335,,San Gil,Santander
573134201690,,San Gil,Santander
573107877986,,San Gil,Santander
573183188768,,San Gil,Santander
573182806311,,San Gil,Santander
573143336447,,San Gil,Santander
573118440286,,San Gil,Santander
573187920267,,San Gil,Santander
573217716463,,San Gil,Santander
573115184975,,San Gil,Santander
573138163064,,San Gil,Santander
573115064747,,San Gil,Santander
573186516268,,San Gil,Santander
573162675710,,San Gil,Santander
573112865728,,San Gil,Santander
573123286781,,San Gil,Santander
573164685009,,San Gil,Santander
573103406620,,San Gil,Santander
573134500083,,San Gil,Santander
573219624795,,San Gil,Santander
573104861069,,San Gil,Santander
573152789418,,San Gil,Santander
573118787916,,San Gil,Santander
573102020846,,San Gil,Santander
573102454105,,San Gil,Santander
573007538640,,San Gil,Santander
573243262443,,San Gil,Santander
573244593503,,San Gil,Santander
573157517795,,San Gil,Santander
573167015605,,San Gil,Santander
573123182031,,San Gil,Santander
573266004765,,San Gil,Santander
573005100926,,San Gil,Santander
573186290231,,San Gil,Santander
573153534378,,San Gil,Santander
573132830686,,San Gil,Santander
573008836164,,San Gil,Santander
573134456785,,San Gil,Santander
573145922590,,San Gil,Santander
573186909675,,San Gil,Santander
573165057720,,San Gil,Santander
573219530348,,San Gil,Santander
573107551059,,San Gil,Santander
573166535723,,San Gil,Santander
573185222844,,San Gil,Santander
573143848093,,San Gil,Santander
573212011679,,San Gil,Santander
573103003317,,San Gil,Santander
573163031750,,San Gil,Santander
573102499351,,San Gil,Santander
573228537051,,San Gil,Santander
573152874279,,San Gil,Santander
573118079686,,San Gil,Santander
573214642423,,San Gil,Santander
573006131102,,San Gil,Santander
573209726972,,San Gil,Santander
573206177275,,San Gil,Santander
573213505973,,San Gil,Santander
573159262405,,San Gil,Santander
573164402647,,San Gil,Santander
573103019042,,San Gil,Santander
573165352975,,San Gil,Santander
573157475008,,San Gil,Santander
573118483305,,San Gil,Santander
573107275681,,San Gil,Santander
573143355966,,San Gil,Santander
573164676899,,San Gil,Santander
573203058871,,San Gil,Santander
573114630164,,San Gil,Santander
573172420505,,San Gil,Santander
573152529296,,San Gil,Santander
573124886270,,San Gil,Santander
573133096782,,San Gil,Santander
573246836932,,San Gil,Santander
573167014861,,San Gil,Santander
573106306552,,San Gil,Santander
573154261331,,San Gil,Santander
573176667285,,San Gil,Santander
573107698072,,San Gil,Santander
573197405741,,San Gil,Santander
573103023227,,San Gil,Santander
573044747644,,San Gil,Santander
573203060157,,San Gil,Santander
573105517623,,San Gil,Santander
573133287473,,San Gil,Santander
573188988833,,San Gil,Santander
573102053657,,San Gil,Santander
573044839840,,San Gil,Santander
573006545027,,San Gil,Santander
573154489251,,San Gil,Santander
573219656290,,San Gil,Santander
573102625861,,San Gil,Santander
573204755832,,San Gil,Santander
573134191380,,San Gil,Santander
573245204129,,San Gil,Santander
573108526755,,San Gil,Santander
573214920021,,San Gil,Santander
573133649745,,San Gil,Santander
573108771327,,San Gil,Santander
573132728878,,San Gil,Santander
573017303730,,San Gil,Santander
573115502505,,San Gil,Santander
573102868312,,San Gil,Santander
573142971297,,San Gil,Santander
573154512215,,San Gil,Santander
573213923870,,San Gil,Santander
573106744918,,San Gil,Santander
573187081994,,San Gil,Santander
573015643314,,San Gil,Santander
573103254209,,San Gil,Santander
573183964547,,San Gil,Santander
573123664673,,San Gil,Santander
573104846520,,San Gil,Santander
573013418900,,San Gil,Santander
573005793606,,San Gil,Santander
573205217201,,San Gil,Santander
573114975061,,San Gil,Santander
573208653827,,San Gil,Santander
573183658648,,San Gil,Santander
573102603024,,San Gil,Santander
573164905620,,San Gil,Santander
573166184424,,San Gil,Santander
573107717586,,San Gil,Santander
573168417420,,San Gil,Santander
573228626495,,San Gil,Santander
573246870391,,San Gil,Santander
573134895770,,San Gil,Santander
573106257698,,San Gil,Santander
573152610930,,San Gil,Santander
573216379925,,San Gil,Santander
573132779750,,San Gil,Santander
573114737928,,San Gil,Santander
573159039985,,San Gil,Santander
573166573057,,San Gil,Santander
573166749043,,San Gil,Santander
573114430149,,San Gil,Santander
573007698537,,San Gil,Santander
573114840366,,San Gil,Santander
573124560358,,San Gil,Santander
573118086947,,San Gil,Santander
573118047357,,San Gil,Santander
573002229314,,San Gil,Santander
573202721513,,San Gil,Santander
573204801816,,San Gil,Santander
573163548589,,San Gil,Santander
573004130650,,San Gil,Santander
573164560656,,San Gil,Santander
573166235677,,San Gil,Santander
573507895512,,San Gil,Santander
573115984123,,San Gil,Santander
573023744514,,San Gil,Santander
573173773365,,San Gil,Santander
573108159655,,San Gil,Santander
573167862777,,San Gil,Santander
573188164284,,San Gil,Santander
573153609706,,San Gil,Santander
573125179648,,San Gil,Santander
573208617611,,San Gil,Santander
573115155972,,San Gil,Santander
573112039921,,San Gil,Santander
573223984319,,San Gil,Santander
573203420193,,San Gil,Santander
573162892539,,San Gil,Santander
573155099076,,San Gil,Santander
573222112660,,San Gil,Santander
573188002155,,San Gil,Santander
573505741794,,San Gil,Santander
573192525566,,San Gil,Santander
573161766133,,San Gil,Santander
573204462496,,San Gil,Santander
573155078656,,San Gil,Santander
573165372463,,San Gil,Santander
573507148077,,San Gil,Santander
573106888445,,San Gil,Santander
573105550554,,San Gil,Santander
573017996251,,San Gil,Santander
573214967479,,San Gil,Santander
573014599135,,San Gil,Santander
573152543894,,San Gil,Santander
573014294511,,San Gil,Santander
573143767278,,San Gil,Santander
573017493623,,San Gil,Santander
573178266452,,San Gil,Santander
573132469489,,San Gil,Santander
573177079383,,San Gil,Santander
573132072678,,San Gil,Santander
573004781307,,San Gil,Santander
573004972073,,San Gil,Santander
573168141392,,San Gil,Santander
573123856034,,San Gil,Santander
573153391158,,San Gil,Santander
573178000844,,San Gil,Santander
573222704167,,San Gil,Santander
573007489290,,San Gil,Santander
573208374613,,San Gil,Santander
573163894671,,San Gil,Santander
573222688851,,San Gil,Santander
573002436023,,San Gil,Santander
573166081512,,San Gil,Santander
573185903462,,San Gil,Santander
573154039734,,San Gil,Santander
573212859871,,San Gil,Santander
573125890090,,San Gil,Santander
573123441802,,San Gil,Santander
573107018021,,San Gil,Santander
573204959521,,San Gil,Santander
573102056417,,San Gil,Santander
573013666955,,San Gil,Santander
573114725041,,San Gil,Santander
573046433478,,San Gil,Santander
573004688865,,San Gil,Santander
573104601325,,San Gil,Santander
573213727716,,San Gil,Santander
573202776280,,San Gil,Santander
573212808683,,San Gil,Santander
573015240599,,San Gil,Santander
573015989371,,San Gil,Santander
573156466133,,San Gil,Santander
573124179601,,San Gil,Santander
573103819060,,San Gil,Santander
573152160392,,San Gil,Santander
573337368367,,San Gil,Santander
573196394150,,San Gil,Santander
573136740348,,San Gil,Santander
573125311194,,San Gil,Santander
573163771166,,San Gil,Santander
573203772030,,San Gil,Santander
573158371235,,San Gil,Santander
573142297540,,San Gil,Santander
573213707134,,San Gil,Santander
573104807548,,San Gil,Santander
573148911017,,San Gil,Santander
573204852637,,San Gil,Santander
573219778476,,San Gil,Santander
573156766019,,San Gil,Santander
573173490482,,San Gil,Santander
573103146825,,San Gil,Santander
573209639175,,San Gil,Santander
573015771961,,San Gil,Santander
573108012144,,San Gil,Santander
573044708001,,San Gil,Santander
573012177620,,San Gil,Santander
573175553155,,San Gil,Santander
573007722905,,San Gil,Santander
573227991979,,San Gil,Santander
573157203362,,San Gil,Santander
573106796540,,San Gil,Santander
573208286540,,San Gil,Santander
573144032711,,San Gil,Santander
573112909896,,San Gil,Santander
573214482472,,San Gil,Santander
573176473485,,San Gil,Santander
573178941537,,San Gil,Santander
573178088855,,San Gil,Santander
573107829151,,San Gil,Santander
573142669045,,San Gil,Santander
573166244622,,San Gil,Santander
573144879224,,San Gil,Santander
573243918069,,San Gil,Santander
573212043604,,San Gil,Santander
573174297197,,San Gil,Santander
573002167337,,San Gil,Santander
573506295578,,San Gil,Santander
573124355419,,San Gil,Santander
573173866186,,San Gil,Santander
573018285302,,San Gil,Santander
573181121810,,San Gil,Santander
573208044691,,San Gil,Santander
573112104956,,San Gil,Santander
573007632010,,San Gil,Santander
573125952965,,San Gil,Santander
573178082099,,San Gil,Santander
573016541771,,San Gil,Santander
573176414208,,San Gil,Santander
573197196099,,San Gil,Santander
573227596514,,San Gil,Santander
573123495386,,San Gil,Santander
573204770717,,San Gil,Santander
573175140899,,San Gil,Santander
573106188590,,San Gil,Santander
573157383884,,San Gil,Santander
573205047075,,San Gil,Santander
573143736714,,San Gil,Santander
573143162849,,San Gil,Santander
573133749901,,San Gil,Santander
573182434696,,San Gil,Santander
573204889460,,San Gil,Santander
573144891232,,San Gil,Santander
573107693414,,San Gil,Santander
573186727644,,San Gil,Santander
573152427627,,San Gil,Santander
573102400341,,San Gil,Santander
573208964663,,San Gil,Santander
573168182157,,San Gil,Santander
573133954785,,San Gil,Santander
573213292419,,San Gil,Santander
573177637966,,San Gil,Santander
573214244934,,San Gil,Santander
573008604448,,San Gil,Santander
573106251976,,San Gil,Santander
573123925133,,San Gil,Santander
573147352442,,San Gil,Santander
573102204005,,San Gil,Santander
573212936686,,San Gil,Santander
573219754042,,San Gil,Santander
573028203024,,San Gil,Santander
573114768849,,San Gil,Santander
573115530904,,San Gil,Santander
573208589680,,San Gil,Santander
573203642415,,San Gil,Santander
573022092779,,San Gil,Santander
573208013672,,San Gil,Santander
573114422426,,San Gil,Santander
573002126275,,San Gil,Santander
573003636298,,San Gil,Santander
573204677707,,San Gil,Santander
573208129364,,San Gil,Santander
573202281845,,San Gil,Santander
573219403429,,San Gil,Santander
573107854565,,San Gil,Santander
573142590902,,San Gil,Santander
573175651089,,San Gil,Santander
573132094321,,San Gil,Santander
573167576789,,San Gil,Santander
573124472170,,San Gil,Santander
573023237322,,San Gil,Santander
573115376913,,San Gil,Santander
573143184939,,San Gil,Santander
573178099728,,San Gil,Santander
573014154497,,San Gil,Santander
573184389071,,San Gil,Santander
573014522585,,San Gil,Santander
573174511420,,San Gil,Santander
573163311673,,San Gil,Santander
573209473564,,San Gil,Santander
573209159262,,San Gil,Santander
573138222686,,San Gil,Santander
573138469149,,San Gil,Santander
573186468853,,San Gil,Santander
573174124257,,San Gil,Santander
573022623275,,San Gil,Santander
573173626888,,San Gil,Santander
573124109965,,San Gil,Santander
573186024318,,San Gil,Santander
573168727565,,San Gil,Santander
573102848703,,San Gil,Santander
573227408227,,San Gil,Santander
573216262542,,San Gil,Santander
573143370768,,San Gil,Santander
573163195615,,San Gil,Santander
573026269454,,San Gil,Santander
573146713258,,San Gil,Santander
573115660820,,San Gil,Santander
573212501758,,San Gil,Santander
573143682638,,San Gil,Santander
573134414033,,San Gil,Santander
573024679699,,San Gil,Santander
573123443985,,San Gil,Santander
573228047441,,San Gil,Santander
573216312803,,San Gil,Santander
573204928159,,San Gil,Santander
573112648095,,San Gil,Santander
573123893214,,San Gil,Santander
573208003085,,San Gil,Santander
573114121749,,San Gil,Santander
573213922545,,San Gil,Santander
573173372178,,San Gil,Santander
573133822910,,San Gil,Santander
573204512053,,San Gil,Santander
573212035409,,San Gil,Santander
573124114336,,San Gil,Santander
573022860309,,San Gil,Santander
573209418669,,San Gil,Santander
573294828159,,San Gil,Santander
573103355901,,San Gil,Santander
